name,page_id,party,district
Βαρένυκ Νεοκλέους Ολένα,,ΑΓΡΟΝΟΜΟΣ,Λευκωσία
Ζάβρος Ανδρέας,,ΑΓΡΟΝΟΜΟΣ,Λευκωσία
Κουρέας Αντρέας,,ΑΓΡΟΝΟΜΟΣ,Λευκωσία
Κωνσταντίνου Κώστας,,ΑΓΡΟΝΟΜΟΣ,Λευκωσία
Στεφάνου Στέφανος,107389055063575,ΑΚΕΛ,Λευκωσία
Ανδρέου Μαρίνα,,ΑΚΕΛ,Λευκωσία
Αργυρίδης Μάριος,,ΑΚΕΛ,Λευκωσία
Δαμιανού Άριστος,,ΑΚΕΛ,Λευκωσία
Ευαγόρου Ελένη,,ΑΚΕΛ,Λευκωσία
Θωμά Θωμάς,,ΑΚΕΛ,Λευκωσία
Κούλας Σεβήρος,,ΑΚΕΛ,Λευκωσία
Κωνσταντίνου Κωνσταντίνος,,ΑΚΕΛ,Λευκωσία
Κωνσταντίνου Χριστίνα,,ΑΚΕΛ,Λευκωσία
Λουκαΐδης Γιώργος,,ΑΚΕΛ,Λευκωσία
Μάτσας Ορέστης,,ΑΚΕΛ,Λευκωσία
Πολυκάρπου Χάρης,,ΑΚΕΛ,Λευκωσία
Τριμιθιώτη Μαριλένα,,ΑΚΕΛ,Λευκωσία
Χαραλάμπους Βάκης,,ΑΚΕΛ,Λευκωσία
Χατζηανδρέου Άντρη,,ΑΚΕΛ,Λευκωσία
Χατζηπαύλου Αυγή,,ΑΚΕΛ,Λευκωσία
Χριστοφίδης Χρίστος,,ΑΚΕΛ,Λευκωσία
Χρυσάνθου Κωνσταντίνα,,ΑΚΕΛ,Λευκωσία
Χρυσοβιτσιώτη Ιωάννα,,ΑΚΕΛ,Λευκωσία
Ντε Πέτρο Τσελεστίνα,,ΑΚΡΟ,Λευκωσία
Μιχαηλίδης Οδυσσέας,,ΑΛΜΑ,Λευκωσία
Βασιλείου Ιωάννα,984174121456522,ΑΛΜΑ,Λευκωσία
Ηλιά Στυλιανή,,ΑΛΜΑ,Λευκωσία
Ιερείδης Μιχάλης,,ΑΛΜΑ,Λευκωσία
Ιωάννου Χριστίνα,,ΑΛΜΑ,Λευκωσία
Καμινάρα Ανδρούλλα,1019913721202767,ΑΛΜΑ,Λευκωσία
Κοκκίνου Παρασκευή,,ΑΛΜΑ,Λευκωσία
Κυπριανίδης Κωνσταντίνος,,ΑΛΜΑ,Λευκωσία
Κυπριανού Αναστασία,,ΑΛΜΑ,Λευκωσία
Κυπριανού Κύπρος,,ΑΛΜΑ,Λευκωσία
Κυριακού Δημήτρης,,ΑΛΜΑ,Λευκωσία
Νικηφόρου Μιχάλης,,ΑΛΜΑ,Λευκωσία
Παναγίδου Σταύρια,,ΑΛΜΑ,Λευκωσία
Παντελίδης Μιχάλης,,ΑΛΜΑ,Λευκωσία
Πιτσιάλη Γεωργία,,ΑΛΜΑ,Λευκωσία
Σπαστρής Μιχάλης,,ΑΛΜΑ,Λευκωσία
Στυλιανού Μάριος,1007793342425297,ΑΛΜΑ,Λευκωσία
Χαραλαμπίδου Ειρήνη,,ΑΛΜΑ,Λευκωσία
Χατζηνικολάου Πέτρος,,ΑΛΜΑ,Λευκωσία
Γεωργίου Μαρίνα,,ΑΜΔΗ,Λευκωσία
Γιάσουμη Γιασουμής,,ΑΜΔΗ,Λευκωσία
Γιωρκάς Μηνάς,,ΑΜΔΗ,Λευκωσία
Δαμιανού Ιωάννης,,ΑΜΔΗ,Λευκωσία
Θεράποντος Μάριος,,ΑΜΔΗ,Λευκωσία
Ιωάννου Λάμπρος,,ΑΜΔΗ,Λευκωσία
Κωσταντιάν Μπάρετ,,ΑΜΔΗ,Λευκωσία
Λαούρης Γιάννης,747263451806187,ΑΜΔΗ,Λευκωσία
Λούκα Νίκος,,ΑΜΔΗ,Λευκωσία
Μιτέλλα Έλενα,,ΑΜΔΗ,Λευκωσία
Μιχαήλ Μιχαλάκης,,ΑΜΔΗ,Λευκωσία
Νικολάου Ραφαήλ,,ΑΜΔΗ,Λευκωσία
Παναγή Μάριος,,ΑΜΔΗ,Λευκωσία
Παναγιώτου Φειδίας,,ΑΜΔΗ,Λευκωσία
Πίγκας Ανδρέας,,ΑΜΔΗ,Λευκωσία
Πορτοκαλίδης Κύπρος,,ΑΜΔΗ,Λευκωσία
Σοφοκλέους Μόνικα,,ΑΜΔΗ,Λευκωσία
Σταύρου Μάριος,,ΑΜΔΗ,Λευκωσία
Χρυσάνθου Λοΐζος,,ΑΜΔΗ,Λευκωσία
Αποστολίδης Αλέξανδρος,,ΒΟΛΤ,Λευκωσία
Ατταλίδου Αλεξάνδρα,,ΒΟΛΤ,Λευκωσία
Βασιλείου Σοφία,,ΒΟΛΤ,Λευκωσία
Βελάρης Χαρίλαος,414805981707100,ΒΟΛΤ,Λευκωσία
Βρυωνίδης Φρίξος,,ΒΟΛΤ,Λευκωσία
Δημητριάδου Χριστοδουλίδου Ροδούλα,,ΒΟΛΤ,Λευκωσία
Δρουσιώτης Μακάριος,,ΒΟΛΤ,Λευκωσία
Θεοχαρίδου Δέσποινα,,ΒΟΛΤ,Λευκωσία
Καραγιάννης Αχιλλέας Νικόλαος,,ΒΟΛΤ,Λευκωσία
Κιτής Μιχάλης,,ΒΟΛΤ,Λευκωσία
Κωνσταντή Κώστα,,ΒΟΛΤ,Λευκωσία
Νικολάου Βασίλης,,ΒΟΛΤ,Λευκωσία
Ξάνθου Έφη,,ΒΟΛΤ,Λευκωσία
Παύλου Σάββας,,ΒΟΛΤ,Λευκωσία
Σοφοκλέους Ανδρομάχη,,ΒΟΛΤ,Λευκωσία
Τιρκίδης Ιωάννης,,ΒΟΛΤ,Λευκωσία
Τρύφων Νικόλας,,ΒΟΛΤ,Λευκωσία
Χαραλάμπους Χάρις,,ΒΟΛΤ,Λευκωσία
Χριστουδιά Γκουμουσκούτ Άντρη,,ΒΟΛΤ,Λευκωσία
Κληρίδης Χρίστος,,ΔΑ,Λευκωσία
Κληρίδης Αλέξανδρος,,ΔΑ,Λευκωσία
Αβρααμίδου Έλενα,,ΔΗΠΑ,Λευκωσία
Αντωνίου Ελευθέριος,,ΔΗΠΑ,Λευκωσία
Βραχίμη Έλενα,989853364206023,ΔΗΠΑ,Λευκωσία
Γιαπάτος Φίλιππος,,ΔΗΠΑ,Λευκωσία
Κλεάνθους Μαρίνος,,ΔΗΠΑ,Λευκωσία
Κυπριανού Άννα,,ΔΗΠΑ,Λευκωσία
Κυπριανού Χατζηστυλλή Κυπρούλα,,ΔΗΠΑ,Λευκωσία
Κωνσταντίνου Κωνσταντίνα,,ΔΗΠΑ,Λευκωσία
Μιραλλάης Τάκης,,ΔΗΠΑ,Λευκωσία
Νεοφύτου Γιώργος,,ΔΗΠΑ,Λευκωσία
Νέστορος Νέστορας,,ΔΗΠΑ,Λευκωσία
Νικολάου Θέα,,ΔΗΠΑ,Λευκωσία
Πενηνταέξ Γιώργος,,ΔΗΠΑ,Λευκωσία
Στεφάνου Στέφανος,107389055063575,ΔΗΠΑ,Λευκωσία
Σωφρονίου Κρίστοφερ,,ΔΗΠΑ,Λευκωσία
Τρυφωνίδης Αλέκος,,ΔΗΠΑ,Λευκωσία
Χαπεσιάν Άρι,254590174402343,ΔΗΠΑ,Λευκωσία
Χίνης Κωνσταντίνος,,ΔΗΠΑ,Λευκωσία
Χρυσοστόμου Ελένη,,ΔΗΠΑ,Λευκωσία
Ιωάννου Άγγελος,,ΔΕΚ,Λευκωσία
Κασσιανίδης Σταύρος,,ΔΕΚ,Λευκωσία
Κολίου Ελένη,,ΔΕΚ,Λευκωσία
Μαυρίκιος Μάριος,,ΔΕΚ,Λευκωσία
Παπαριστοτέλους Ελένη,,ΔΕΚ,Λευκωσία
Προκοπίου Προκόπης,,ΔΕΚ,Λευκωσία
Πρωτόπαπας Σωτήρης,,ΔΕΚ,Λευκωσία
Σαββίδης Αλέξιος,102105028687939,ΔΕΚ,Λευκωσία
Σισμάνη Χρυστάλλα,,ΔΕΚ,Λευκωσία
Χαραλάμπους Γεώργιος,,ΔΕΚ,Λευκωσία
Χριστού Κυπριανός,,ΔΕΚ,Λευκωσία
Παπαδόπουλος Νικόλας,,ΔΗΚΟ,Λευκωσία
Αλαμπρίτης Σταύρος,,ΔΗΚΟ,Λευκωσία
Γεωργίου Ανδρέας,1018510061347399,ΔΗΚΟ,Λευκωσία
Γεωργίου Βασίλειος,,ΔΗΚΟ,Λευκωσία
Ερωτοκρίτου Χριστιάνα,771955332942116,ΔΗΚΟ,Λευκωσία
Ευτυχίου Μάριος,,ΔΗΚΟ,Λευκωσία
Ιερείδης Μιχαήλ,,ΔΗΚΟ,Λευκωσία
Κόρτας Κώστας,,ΔΗΚΟ,Λευκωσία
Κουσούλου Μαρία,,ΔΗΚΟ,Λευκωσία
Παλαόντας Στέλιος,,ΔΗΚΟ,Λευκωσία
Παντελίδης Χρύσης,358841031473567,ΔΗΚΟ,Λευκωσία
Παπαδοπούλου Έλενα,,ΔΗΚΟ,Λευκωσία
Παπαπέτρου Χρίστος,,ΔΗΚΟ,Λευκωσία
Προδρόμου Άντρη,,ΔΗΚΟ,Λευκωσία
Σάββα Παναγή Αγγελική,,ΔΗΚΟ,Λευκωσία
Σαββίδης Σάββας,,ΔΗΚΟ,Λευκωσία
Σολωμού Γιώργος,104306170943615,ΔΗΚΟ,Λευκωσία
Φούλη Βερόνικα,,ΔΗΚΟ,Λευκωσία
Φράγκου Αντωνία,1017553231437957,ΔΗΚΟ,Λευκωσία
Ανθούση Αναστασία,,ΔΗΣΥ,Λευκωσία
Δημητρίου Μ. Δημήτρης,,ΔΗΣΥ,Λευκωσία
Δημητρίου Σ. Δημήτρης,,ΔΗΣΥ,Λευκωσία
Ζαμπάς Νεόφυτος,100957049698179,ΔΗΣΥ,Λευκωσία
Ηλιά Μάριος,455929494273423,ΔΗΣΥ,Λευκωσία
Κουρουσίδης Πόλυς,1717368644977910,ΔΗΣΥ,Λευκωσία
Κούσιου Χατζηδημητρίου Έλενα,505174236022056,ΔΗΣΥ,Λευκωσία
Κωνσταντίνου Ανδρέας,1510321672328078,ΔΗΣΥ,Λευκωσία
Μανιταράς Ζαχαρίας,,ΔΗΣΥ,Λευκωσία
Μελετιές Χριστάκης,756933907509993,ΔΗΣΥ,Λευκωσία
Μούντουκκος Κωνσταντίνος,,ΔΗΣΥ,Λευκωσία
Ορφανίδου Σάβια,271120899565258,ΔΗΣΥ,Λευκωσία
Πάλλης Χρίστος,,ΔΗΣΥ,Λευκωσία
Παμπορίδης Γεώργιος,,ΔΗΣΥ,Λευκωσία
Παύλου Τίνα,802383349636152,ΔΗΣΥ,Λευκωσία
Πετρίδης Χαράλαμπος,164689207310799,ΔΗΣΥ,Λευκωσία
Τσάτσου Θεόδωρος,764937596710891,ΔΗΣΥ,Λευκωσία
Χριστοφόρου Χριστόφορος,,ΔΗΣΥ,Λευκωσία
Χρυσάνθου Γεώργιος,,ΔΗΣΥ,Λευκωσία
Αθανασίου Χαράλαμπος,,ΕΔΕΚ,Λευκωσία
Αντωνίου Ειρήνη,,ΕΔΕΚ,Λευκωσία
Ευσταθίου Χριστίνα,,ΕΔΕΚ,Λευκωσία
Ηλιά Μάριος,455929494273423,ΕΔΕΚ,Λευκωσία
Λεβέντης Μάριος,,ΕΔΕΚ,Λευκωσία
Μανουσάκη Κυριακή,,ΕΔΕΚ,Λευκωσία
Μαρκίδης Λευτέρης,,ΕΔΕΚ,Λευκωσία
Μελέτης Θεόδωρος,,ΕΔΕΚ,Λευκωσία
Μιρής Ανδρέας,,ΕΔΕΚ,Λευκωσία
Νεοφύτου Μικαέλλα,,ΕΔΕΚ,Λευκωσία
Ξενοφώντος Ξένιος,,ΕΔΕΚ,Λευκωσία
Πική Λουκία,,ΕΔΕΚ,Λευκωσία
Σολομωνίδης Μορφάκης,100100741536122,ΕΔΕΚ,Λευκωσία
Τσιανάκκας Μάριος,,ΕΔΕΚ,Λευκωσία
Χαννίδης Μάριος,,ΕΔΕΚ,Λευκωσία
Χριστοδούλου Πάμπος,,ΕΔΕΚ,Λευκωσία
Χριστοδούλου Σοφία,,ΕΔΕΚ,Λευκωσία
Χριστοδούλου Τάκης,,ΕΔΕΚ,Λευκωσία
Χριστοφορίδης Απόστολος,,ΕΔΕΚ,Λευκωσία
Χρίστου Χρίστος,,ΕΛΑΜ,Λευκωσία
Αγαπίου Χριστίνα,,ΕΛΑΜ,Λευκωσία
Αντωνίου Σωτήρης,609726422229603,ΕΛΑΜ,Λευκωσία
Γεωργιάδου Ρούλα,,ΕΛΑΜ,Λευκωσία
Γεωργίου Αλέξανδρος,,ΕΛΑΜ,Λευκωσία
Διονυσίου Ανδρούλλα,,ΕΛΑΜ,Λευκωσία
Ιωάννου Παύλος,,ΕΛΑΜ,Λευκωσία
Καϊρίνος Χαράλαμπος,,ΕΛΑΜ,Λευκωσία
Κεμιτζή Ελισάβετ,,ΕΛΑΜ,Λευκωσία
Κουντουρέσιης Πέτρος,,ΕΛΑΜ,Λευκωσία
Κυπριανού Φοίβος,,ΕΛΑΜ,Λευκωσία
Παπαχαραλάμπους Ανδρέας,,ΕΛΑΜ,Λευκωσία
Πελεκάνος Μάριος,,ΕΛΑΜ,Λευκωσία
Πλάτου Ιάκωβος,,ΕΛΑΜ,Λευκωσία
Πουλλικκάς Μάριος,,ΕΛΑΜ,Λευκωσία
Σπανός Σάββας,,ΕΛΑΜ,Λευκωσία
Στυλιανού Λευκή,,ΕΛΑΜ,Λευκωσία
Στυλιανού Στέλιος,966765343181208,ΕΛΑΜ,Λευκωσία
Χατζησυμεού Παναγιώτης,,ΕΛΑΜ,Λευκωσία
Αυγουστή Θεοδόσης,,ΕΝΕΡΓΟΙ ΠΟΛΙΤΕΣ,Λευκωσία
Βραχίμη Αδάμος,,ΕΝΕΡΓΟΙ ΠΟΛΙΤΕΣ,Λευκωσία
Γερολεμίδης Μάριος,,ΕΝΕΡΓΟΙ ΠΟΛΙΤΕΣ,Λευκωσία
Διαμαντόπουλος Στέλιος,,ΕΝΕΡΓΟΙ ΠΟΛΙΤΕΣ,Λευκωσία
Θεοδώρου Ελευθέριος,,ΕΝΕΡΓΟΙ ΠΟΛΙΤΕΣ,Λευκωσία
Καμιντζής Σταύρος,,ΕΝΕΡΓΟΙ ΠΟΛΙΤΕΣ,Λευκωσία
Κυριακού Γιώργος,,ΕΝΕΡΓΟΙ ΠΟΛΙΤΕΣ,Λευκωσία
Κωνσταντινίδου Γεωργία,,ΕΝΕΡΓΟΙ ΠΟΛΙΤΕΣ,Λευκωσία
Μακκούλης Πέτρος,,ΕΝΕΡΓΟΙ ΠΟΛΙΤΕΣ,Λευκωσία
Μενελάου Χριστίνα,,ΕΝΕΡΓΟΙ ΠΟΛΙΤΕΣ,Λευκωσία
Νικολάου Σωκράτης,,ΕΝΕΡΓΟΙ ΠΟΛΙΤΕΣ,Λευκωσία
Ξενοφώντος Μάριος,,ΕΝΕΡΓΟΙ ΠΟΛΙΤΕΣ,Λευκωσία
Παύλου Παύλος,,ΕΝΕΡΓΟΙ ΠΟΛΙΤΕΣ,Λευκωσία
Πέτρου Ιάκωβος,,ΕΝΕΡΓΟΙ ΠΟΛΙΤΕΣ,Λευκωσία
Πιερέττης Παύλος,,ΕΝΕΡΓΟΙ ΠΟΛΙΤΕΣ,Λευκωσία
Πολυβίου Αντώνης,,ΕΝΕΡΓΟΙ ΠΟΛΙΤΕΣ,Λευκωσία
Σάββα Σάββας,,ΕΝΕΡΓΟΙ ΠΟΛΙΤΕΣ,Λευκωσία
Χαραλάμπους Παναγιώτης,,ΕΝΕΡΓΟΙ ΠΟΛΙΤΕΣ,Λευκωσία
Χατζηπαναγή Αρτέμης,,ΕΝΕΡΓΟΙ ΠΟΛΙΤΕΣ,Λευκωσία
Αφαντίτη Μαρία,,ΛΑΚΕΔΑΙΜΟΝΙΟΙ,Λευκωσία
Ιωάννου Λεωνίδας,,ΛΑΚΕΔΑΙΜΟΝΙΟΙ,Λευκωσία
Ιωάννου Ξένιος,,ΛΑΚΕΔΑΙΜΟΝΙΟΙ,Λευκωσία
Παπαδόπουλος Κίκκος,,ΛΑΚΕΔΑΙΜΟΝΙΟΙ,Λευκωσία
Χατζηχριστοφόρου Μαρία,,ΛΑΚΕΔΑΙΜΟΝΙΟΙ,Λευκωσία
Αριστοτέλους Χαράλαμπος,685381641336480,ΟΙΚΟΛΟΓΟΙ,Λευκωσία
Γιάγκου Άδωνις,,ΟΙΚΟΛΟΓΟΙ,Λευκωσία
Δανιηλίδης Βαλέριος,,ΟΙΚΟΛΟΓΟΙ,Λευκωσία
Δημητρίου Σταυρούλα,,ΟΙΚΟΛΟΓΟΙ,Λευκωσία
Θεοφάνους Ανδρέας,104093047863641,ΟΙΚΟΛΟΓΟΙ,Λευκωσία
Karahan Oz,,ΟΙΚΟΛΟΓΟΙ,Λευκωσία
Κολά Μαρία,,ΟΙΚΟΛΟΓΟΙ,Λευκωσία
Λουκά Νικολέττα,,ΟΙΚΟΛΟΓΟΙ,Λευκωσία
Λυμπουρή Κοζάκου Έλενα,,ΟΙΚΟΛΟΓΟΙ,Λευκωσία
Μενελάου Μιχάλης,,ΟΙΚΟΛΟΓΟΙ,Λευκωσία
Οικονόμου Γιάννος,,ΟΙΚΟΛΟΓΟΙ,Λευκωσία
Πετρίδου Στέλλα,,ΟΙΚΟΛΟΓΟΙ,Λευκωσία
Σακαδάκη Αλεξία,,ΟΙΚΟΛΟΓΟΙ,Λευκωσία
Ταλιώτης Παναγιώτης,,ΟΙΚΟΛΟΓΟΙ,Λευκωσία
Τριανταφυλλίδου Μαρία,,ΟΙΚΟΛΟΓΟΙ,Λευκωσία
Τσιμίλλης Κυριάκος,,ΟΙΚΟΛΟΓΟΙ,Λευκωσία
Χατζηστυλλή Αικατερίνη,,ΟΙΚΟΛΟΓΟΙ,Λευκωσία
Χρήστου Βιργινία,,ΟΙΚΟΛΟΓΟΙ,Λευκωσία
Χρίστου Ανδρέας,,ΟΙΚΟΛΟΓΟΙ,Λευκωσία
Ανδρέου Κυριάκος,,ΠΡΑΣΙΝΟΙ,Λευκωσία
Αμίρ Καλαλή Σεγιέτ Δάτης,,ΠΡΑΣΙΝΟΙ,Λευκωσία
Θεοδοσιάδου Μαρία,,ΠΡΑΣΙΝΟΙ,Λευκωσία
Λεβέντη Απολλωνία,,ΠΡΑΣΙΝΟΙ,Λευκωσία
Μακρής Κώστας,,ΠΡΑΣΙΝΟΙ,Λευκωσία
Μαλέκκος Κώστας,,ΠΡΑΣΙΝΟΙ,Λευκωσία
Παπαπέτρου Δημήτρης,,ΠΡΑΣΙΝΟΙ,Λευκωσία
Στυλιανού Στέλιος,966765343181208,ΠΡΑΣΙΝΟΙ,Λευκωσία
Χατζηπαύλου Νικόλας,,ΠΡΑΣΙΝΟΙ,Λευκωσία
Δουλαππάς Μιχάλης,,ΣΗΚΟΥ ΠΑΝΩ,Λευκωσία
Κορνιώτης Μάριος,,ΣΗΚΟΥ ΠΑΝΩ,Λευκωσία
Κυπριανού Κυπρούλλα,,ΣΗΚΟΥ ΠΑΝΩ,Λευκωσία
Κωνσταντινίδης Άγγελος,,ΣΗΚΟΥ ΠΑΝΩ,Λευκωσία
Κωνσταντινίδου Άρτεμις,,ΣΗΚΟΥ ΠΑΝΩ,Λευκωσία
Λαζάρου Ανδρέας,,ΣΗΚΟΥ ΠΑΝΩ,Λευκωσία
Λαμπριανίδου Γεωργία,,ΣΗΚΟΥ ΠΑΝΩ,Λευκωσία
Μαυρωμάτης Αλέξης,,ΣΗΚΟΥ ΠΑΝΩ,Λευκωσία
Παναγή Παναγιώτης,,ΣΗΚΟΥ ΠΑΝΩ,Λευκωσία
Παρρής Πλούταρχος,398514773901387,ΣΗΚΟΥ ΠΑΝΩ,Λευκωσία
Πάσιας Σοφοκλής,,ΣΗΚΟΥ ΠΑΝΩ,Λευκωσία
Πεττεμερίδης Φειδίας,,ΣΗΚΟΥ ΠΑΝΩ,Λευκωσία
Τορναρίτης Χριστόφορος,,ΣΗΚΟΥ ΠΑΝΩ,Λευκωσία
Τσαγγάρης Ανδρέας,,ΣΗΚΟΥ ΠΑΝΩ,Λευκωσία
Φίλιπ Τορναρίτου Ραμόνα,,ΣΗΚΟΥ ΠΑΝΩ,Λευκωσία
Χριστοδούλου Αδάμος,,ΣΗΚΟΥ ΠΑΝΩ,Λευκωσία
Χριστοφή Ιωάννου Ανδρέας,,ΑΓΡΟΝΟΜΟΣ,Λεμεσός
Αριστείδου Αριστείδης,,ΑΓΡΟΝΟΜΟΣ,Λεμεσός
Βλάσοβα Ιουλία,,ΑΓΡΟΝΟΜΟΣ,Λεμεσός
Ελλήνα Μαρία,,ΑΓΡΟΝΟΜΟΣ,Λεμεσός
Κανγκελίδης Γιούριι,,ΑΓΡΟΝΟΜΟΣ,Λεμεσός
Κατσουνώτου Βικτώρια,,ΑΓΡΟΝΟΜΟΣ,Λεμεσός
Κυριακού Μελίνα,,ΑΓΡΟΝΟΜΟΣ,Λεμεσός
Noureddine Salah El Dine,,ΑΓΡΟΝΟΜΟΣ,Λεμεσός
Στελίου Αριστόδημος,,ΑΓΡΟΝΟΜΟΣ,Λεμεσός
Στυλιανού Δημήτριος,,ΑΓΡΟΝΟΜΟΣ,Λεμεσός
Στυλιανού Στέλιος,966765343181208,ΑΓΡΟΝΟΜΟΣ,Λεμεσός
Χριστοφή Κωστάκης Ανδρέας,,ΑΓΡΟΝΟΜΟΣ,Λεμεσός
Αχιλλέως Αχιλλέας,,ΑΚΕΛ,Λεμεσός
Γαβριήλ Λάκης,,ΑΚΕΛ,Λεμεσός
Γεωργίου Αντώνης,,ΑΚΕΛ,Λεμεσός
Ιωάννου Αργεντούλα,,ΑΚΕΛ,Λεμεσός
Καυκαλιάς Μιχάλης,,ΑΚΕΛ,Λεμεσός
Μιχαηλίδου Χρίστου Φωτεινή,,ΑΚΕΛ,Λεμεσός
Νικολάου Μαρίνα,,ΑΚΕΛ,Λεμεσός
Στελίου Νικολάου Μέλανη,,ΑΚΕΛ,Λεμεσός
Χατζηστύλλη Γιώργος,,ΑΚΕΛ,Λεμεσός
Χρίστου Δανάη,,ΑΚΕΛ,Λεμεσός
Χρίστου Εφραίμ,,ΑΚΕΛ,Λεμεσός
Ψαράς Απόστολος,,ΑΚΕΛ,Λεμεσός
Απτέλ Μαλάκ Ντάνιελ,,ΑΛΜΑ,Λεμεσός
Αργυρού Αλέκος,1038630016001930,ΑΛΜΑ,Λεμεσός
Γκρόζντανοβσκα Μπόρκα,,ΑΛΜΑ,Λεμεσός
Ευαγγέλου Νεοφύτα,,ΑΛΜΑ,Λεμεσός
Θεοδωρίδης Νεόφυτος,,ΑΛΜΑ,Λεμεσός
Παπαδόπουλος Μιλτιάδης,,ΑΛΜΑ,Λεμεσός
Παπαμιλτιάδους Σκεύη,,ΑΛΜΑ,Λεμεσός
Παρασκευά Μιχάλης,,ΑΛΜΑ,Λεμεσός
Συμεού Στέλλα,,ΑΛΜΑ,Λεμεσός
Τσίπη Αντρέας,,ΑΛΜΑ,Λεμεσός
Χαγκουΐλα Έτμοντ,,ΑΛΜΑ,Λεμεσός
Χειμωνίδης Ανδρέας,,ΑΛΜΑ,Λεμεσός
Αντωνίου Κωστάκης,,ΑΜΔΗ,Λεμεσός
Θεμιστοκλέους Αβραάμ,,ΑΜΔΗ,Λεμεσός
Ιωάννου Κλεονίκη,104956389230728,ΑΜΔΗ,Λεμεσός
Κλεοβούλου Ανδρέας,,ΑΜΔΗ,Λεμεσός
Λοϊζου Μαρία,,ΑΜΔΗ,Λεμεσός
Νικολάου Σωτήρης,,ΑΜΔΗ,Λεμεσός
Σούγλης Δημήτρης,,ΑΜΔΗ,Λεμεσός
Σοφοκλέους Παναγιώτης,,ΑΜΔΗ,Λεμεσός
Τσίτσης Γιάννης,,ΑΜΔΗ,Λεμεσός
Φωτίου Φώτης,,ΑΜΔΗ,Λεμεσός
Χατζησταύρου Δήμητρα,,ΑΜΔΗ,Λεμεσός
Χογλάστου Μάριος,,ΑΜΔΗ,Λεμεσός
Απαρίσιο Ντιέγκο Αρμάντο,,ΒΟΛΤ,Λεμεσός
Βάσκες Χατζηλύρα Πενέλοπε,,ΒΟΛΤ,Λεμεσός
Γρηγορίου Ανδρέας,,ΒΟΛΤ,Λεμεσός
Λιμνάτη Μελίνα,,ΒΟΛΤ,Λεμεσός
Λοΐζου Παρράς Πάνος,,ΒΟΛΤ,Λεμεσός
Νικολαϊδου Σπίβακ Πανδώρα,,ΒΟΛΤ,Λεμεσός
Ονουφρίου Χριστοδούλου Φρύνη,,ΒΟΛΤ,Λεμεσός
Σκέντερ Μαρία,,ΒΟΛΤ,Λεμεσός
Σούτζης Ανδρέας,,ΒΟΛΤ,Λεμεσός
Χατζηνικολάου Αλέξης,,ΒΟΛΤ,Λεμεσός
Χατζηχριστοφή Παναγιώτης,,ΒΟΛΤ,Λεμεσός
Χριστοφή Νίκη,,ΒΟΛΤ,Λεμεσός
Αγαθοκλέους Αγγελική,,ΔΑ,Λεμεσός
Γεωργίου Λευτέρης,,ΔΑ,Λεμεσός
Θεοχαρίδης Γιώργος,,ΔΑ,Λεμεσός
Αχιλλέως Ελένη,,ΔΗΠΑ,Λεμεσός
Βασιλείου Χάρια,105163392690591,ΔΗΠΑ,Λεμεσός
Κλεάνθους Ηλιάνα,,ΔΗΠΑ,Λεμεσός
Κουμή Ρένος,,ΔΗΠΑ,Λεμεσός
Μιχαήλ Λοΐζος,,ΔΗΠΑ,Λεμεσός
Σολωμού Αβραάμ,,ΔΗΠΑ,Λεμεσός
Σταύρου Ηλία Σταύρος,,ΔΗΠΑ,Λεμεσός
Σταύρου Σταύρος,,ΔΗΠΑ,Λεμεσός
Στυλιανού Μάριος,,ΔΗΠΑ,Λεμεσός
Τόνιτς Νικόλας,,ΔΗΠΑ,Λεμεσός
Τσάππας Ιωάννης,,ΔΗΠΑ,Λεμεσός
Χριστοδούλου Χρήστος,,ΔΗΠΑ,Λεμεσός
Θεμιστοκλέους Ανδρέας,102470915376990,ΔΕΚ,Λεμεσός
Κωνσταντινίδης Παναγιώτης,,ΔΕΚ,Λεμεσός
Μηνάς Πέτρος,,ΔΕΚ,Λεμεσός
Πρωτόπαπα Δημήτρης,,ΔΕΚ,Λεμεσός
Στυλιανού Γεώργιος,,ΔΕΚ,Λεμεσός
Σωτηρίου Ανδρέας,,ΔΕΚ,Λεμεσός
Χαραλάμπους Νίκος,,ΔΕΚ,Λεμεσός
Βακανάς Χρίστος,,ΔΗΚΟ,Λεμεσός
Δημοσθένους Αρέτη,509505858918527,ΔΗΚΟ,Λεμεσός
Καραγιάννας Φλωρέντζος,,ΔΗΚΟ,Λεμεσός
Κουρτούλου Παναγής,564878266710127,ΔΗΚΟ,Λεμεσός
Λεωνίδου Πανίκος,,ΔΗΚΟ,Λεμεσός
Μιχαήλ Μάριος,,ΔΗΚΟ,Λεμεσός
Νικολαΐδης Ντίνος,,ΔΗΚΟ,Λεμεσός
Παπαδόπουλος Γεώργιος,101463311965634,ΔΗΚΟ,Λεμεσός
Τσολάκη Ευανθία,918070074720199,ΔΗΚΟ,Λεμεσός
Χόππας Κώστας,,ΔΗΚΟ,Λεμεσός
Χρυσοστόμου Μάριος,,ΔΗΚΟ,Λεμεσός
Χρυσοστόμου Παντελής,,ΔΗΚΟ,Λεμεσός
Ιορδάνου Ονησίφορος,,ΔΗΣΥ,Λεμεσός
Καραισκάκης Γιώργος,,ΔΗΣΥ,Λεμεσός
Κουνούνης Μιχάλης,695292247009021,ΔΗΣΥ,Λεμεσός
Μιχαηλίδης Ανδρέας,,ΔΗΣΥ,Λεμεσός
Νικολάου Κόκκινος Ανδρέας,,ΔΗΣΥ,Λεμεσός
Περικλή Λευτέρης,,ΔΗΣΥ,Λεμεσός
Ριάλα Αγγελική,749587418236922,ΔΗΣΥ,Λεμεσός
Στυλιανού Αντώνης,493988703789162,ΔΗΣΥ,Λεμεσός
Τσιάκκιρος Λευτέρης,,ΔΗΣΥ,Λεμεσός
Τσιρίδου Φωτεινή,106262547828612,ΔΗΣΥ,Λεμεσός
Τσολάκης Αντώνης,,ΔΗΣΥ,Λεμεσός
Φελλάς Μιχάλης,574683626048556,ΔΗΣΥ,Λεμεσός
Γεωργίου Ανδρομάχη,,ΕΔΕΚ,Λεμεσός
Δημητρίου Δήμητρα,,ΕΔΕΚ,Λεμεσός
Κωνσταντίνου Άδωνις,,ΕΔΕΚ,Λεμεσός
Κωνσταντίνου Λάκης,,ΕΔΕΚ,Λεμεσός
Λυσάνδρου Λύσανδρος,,ΕΔΕΚ,Λεμεσός
Μετζίτικος Νίκος,,ΕΔΕΚ,Λεμεσός
Νεοκλέους Αγγέλα,,ΕΔΕΚ,Λεμεσός
Πιττάκαρας Πάρης,,ΕΔΕΚ,Λεμεσός
Ραντζιμπάεβ Νταμίρ,,ΕΔΕΚ,Λεμεσός
Στυλιανού Γιάννος,,ΕΔΕΚ,Λεμεσός
Τσιάκκας Γεώργιος,,ΕΔΕΚ,Λεμεσός
Χατζηκλεάνθους Νικόλας,,ΕΔΕΚ,Λεμεσός
Αθανασιάδης Ζαχαρίας,146231858570802,ΕΛΑΜ,Λεμεσός
Αλεξάνδρου Αλέξης,,ΕΛΑΜ,Λεμεσός
Ανωγυριάτης Πόλυς,,ΕΛΑΜ,Λεμεσός
Γεωργίου Κωνσταντίνος,,ΕΛΑΜ,Λεμεσός
Γλυκύ Νάταλυ,,ΕΛΑΜ,Λεμεσός
Μεφέρη Ευθυμία,,ΕΛΑΜ,Λεμεσός
Παμπόσκης Κωνσταντίνος,,ΕΛΑΜ,Λεμεσός
Παναρέτου Πανάρετος,,ΕΛΑΜ,Λεμεσός
Παστέλλα Μαρία,1005726125959439,ΕΛΑΜ,Λεμεσός
Στυλιανού Ανδρέας,,ΕΛΑΜ,Λεμεσός
Στυλιανού Περικλής,,ΕΛΑΜ,Λεμεσός
Χαμπούλλας Ευγένιος,,ΕΛΑΜ,Λεμεσός
Αλκιβιάδης Φοίβος,,ΕΝΕΡΓΟΙ ΠΟΛΙΤΕΣ,Λεμεσός
Ηλιά Ανδρέας,,ΕΝΕΡΓΟΙ ΠΟΛΙΤΕΣ,Λεμεσός
Ιωάννου Τώνια,,ΕΝΕΡΓΟΙ ΠΟΛΙΤΕΣ,Λεμεσός
Κανναουρίδης Μάριος,,ΕΝΕΡΓΟΙ ΠΟΛΙΤΕΣ,Λεμεσός
Λοϊζου Αλέκος,,ΕΝΕΡΓΟΙ ΠΟΛΙΤΕΣ,Λεμεσός
Νικολαΐδης Μιχάλης Λούκας,,ΕΝΕΡΓΟΙ ΠΟΛΙΤΕΣ,Λεμεσός
Πάσιας Βίκτωρας,,ΕΝΕΡΓΟΙ ΠΟΛΙΤΕΣ,Λεμεσός
Σωκράτους Δάφνη,,ΕΝΕΡΓΟΙ ΠΟΛΙΤΕΣ,Λεμεσός
Ττοππουζής Πρόδρομος,,ΕΝΕΡΓΟΙ ΠΟΛΙΤΕΣ,Λεμεσός
Χαραλάμπους Έκτορας,,ΕΝΕΡΓΟΙ ΠΟΛΙΤΕΣ,Λεμεσός
Χαραλάμπους Κρίτωνας,,ΕΝΕΡΓΟΙ ΠΟΛΙΤΕΣ,Λεμεσός
Αθανασίου Μαριάννα,,ΛΑΚΕΔΑΙΜΟΝΙΟΙ,Λεμεσός
Παπαμωϋσέως Γεώργιος,,ΛΑΚΕΔΑΙΜΟΝΙΟΙ,Λεμεσός
Διαμαντίδου Μαρία,169917986794131,ΟΙΚΟΛΟΓΟΙ,Λεμεσός
Ιωαννίδης Άκης,,ΟΙΚΟΛΟΓΟΙ,Λεμεσός
Κορομπίντσεβα Όλγα,,ΟΙΚΟΛΟΓΟΙ,Λεμεσός
Κρίδη Μαρία,,ΟΙΚΟΛΟΓΟΙ,Λεμεσός
Κωνσταντίνου Κωνσταντίνος,,ΟΙΚΟΛΟΓΟΙ,Λεμεσός
Μαυρίκιος Αντρέας,236665906187145,ΟΙΚΟΛΟΓΟΙ,Λεμεσός
Μοδέστου Χρίστος,,ΟΙΚΟΛΟΓΟΙ,Λεμεσός
Νικολαΐδης Ζήνωνας,392981903901553,ΟΙΚΟΛΟΓΟΙ,Λεμεσός
Παπαβασιλείου Σταμάτης,253826851152246,ΟΙΚΟΛΟΓΟΙ,Λεμεσός
Παπαδούρης Σταύρος,,ΟΙΚΟΛΟΓΟΙ,Λεμεσός
Πιερίδου Μόνικα,311920232006128,ΟΙΚΟΛΟΓΟΙ,Λεμεσός
Τάλλης Μιχάλης,,ΟΙΚΟΛΟΓΟΙ,Λεμεσός
Αχιλλέως Μάριος,,ΠΡΑΣΙΝΟΙ,Λεμεσός
Ανδρέου Σάββας,,ΣΗΚΟΥ ΠΑΝΩ,Λεμεσός
Γεωργίου Ευθύμιος,,ΣΗΚΟΥ ΠΑΝΩ,Λεμεσός
Ιγνατίου Γεώργιος,,ΣΗΚΟΥ ΠΑΝΩ,Λεμεσός
Λούτσιου Νέλλη,,ΣΗΚΟΥ ΠΑΝΩ,Λεμεσός
Φραγκεσκίδου Άννα,,ΣΗΚΟΥ ΠΑΝΩ,Λεμεσός
Χαραλάμπους Χριστόφορος,,ΣΗΚΟΥ ΠΑΝΩ,Λεμεσός
Χριστοδούλου Λυσιμάχη,,ΣΗΚΟΥ ΠΑΝΩ,Λεμεσός
Χρίστου Έλεν,,ΣΗΚΟΥ ΠΑΝΩ,Λεμεσός
Μανδρίτη Νικολέττα,,ΑΓΡΟΝΟΜΟΣ,Αμμόχωστος
Χρυσόπουλος Κωνσταντίνος,,ΑΓΡΟΝΟΜΟΣ,Αμμόχωστος
Γαβριήλ Γιαννάκης,,ΑΚΕΛ,Αμμόχωστος
Γερολέμου Αναστασία,,ΑΚΕΛ,Αμμόχωστος
Κέττηρος Νίκος,,ΑΚΕΛ,Αμμόχωστος
Κουκουμάς Γιώργος,,ΑΚΕΛ,Αμμόχωστος
Κούννης Ανδρέας,,ΑΚΕΛ,Αμμόχωστος
Κωνσταντίνου Καλαθάς Κώστας,,ΑΚΕΛ,Αμμόχωστος
Νικολάου Φλώρος,,ΑΚΕΛ,Αμμόχωστος
Παρασκευά Κωνσταντίνα,,ΑΚΕΛ,Αμμόχωστος
Σιαπάνης Γιάννης,,ΑΚΕΛ,Αμμόχωστος
Σοφοκλέους Νικολέττα,,ΑΚΕΛ,Αμμόχωστος
Χατζηγεωργίου Σταύρος,,ΑΚΕΛ,Αμμόχωστος
Αμβροσίου Χριστάκης,,ΑΛΜΑ,Αμμόχωστος
Βασιλείου Θωμάς,,ΑΛΜΑ,Αμμόχωστος
Δρουσιώτου Θεοδουλίτσα,,ΑΛΜΑ,Αμμόχωστος
Θεριστή Μαρία,,ΑΛΜΑ,Αμμόχωστος
Κεσίδη Όλγα,,ΑΛΜΑ,Αμμόχωστος
Μαλακτού Αγγέλα,,ΑΛΜΑ,Αμμόχωστος
Μαύρου Βασίλειος,,ΑΛΜΑ,Αμμόχωστος
Φιλίππου Μαρία,,ΑΛΜΑ,Αμμόχωστος
Φοίβου Στέλιος,,ΑΛΜΑ,Αμμόχωστος
Φωτιάδη Λιάννα,,ΑΛΜΑ,Αμμόχωστος
Χαραλάμπους Αντώνης,,ΑΛΜΑ,Αμμόχωστος
Αδάμου Χρίστος,,ΑΜΔΗ,Αμμόχωστος
Αναστασίου Αναστάσιος,,ΑΜΔΗ,Αμμόχωστος
Αρμενάκη Σάββας,952909247915620,ΑΜΔΗ,Αμμόχωστος
Βαρνάβα Κυπριανός,,ΑΜΔΗ,Αμμόχωστος
Βαρωσιώτης Ανδρέας,,ΑΜΔΗ,Αμμόχωστος
Καζάνος Αντρέας,,ΑΜΔΗ,Αμμόχωστος
Κωνσταντινίδη Νταϊάνα Λουσία,,ΑΜΔΗ,Αμμόχωστος
Μενελάου Ελένη,1317833338353731,ΑΜΔΗ,Αμμόχωστος
Παπαχριστοφόρου Στυλιανός,,ΑΜΔΗ,Αμμόχωστος
Πατσιάς Δημήτρης,,ΑΜΔΗ,Αμμόχωστος
Φλουρέντζου Νικόλας,,ΑΜΔΗ,Αμμόχωστος
Αυξεντίου Ιωαννίδου Παναγιώτα,,ΒΟΛΤ,Αμμόχωστος
Ζοσίμωβ Ευγένυ,,ΒΟΛΤ,Αμμόχωστος
Κάρουλλας Πιέρος,,ΒΟΛΤ,Αμμόχωστος
Μιχαήλ Αρτέμιος,,ΒΟΛΤ,Αμμόχωστος
Οικονόμου Βάσος,,ΒΟΛΤ,Αμμόχωστος
Παραλίκη Κυθραιώτη Ιόλη,,ΒΟΛΤ,Αμμόχωστος
Σαρρής Άλκης,,ΒΟΛΤ,Αμμόχωστος
Στυλιανού Στέλιος,966765343181208,ΒΟΛΤ,Αμμόχωστος
Σύζινος Σώτος,,ΒΟΛΤ,Αμμόχωστος
Χρίστου Μιχάλης,,ΒΟΛΤ,Αμμόχωστος
Ψαλτή Ιάκωβος,,ΒΟΛΤ,Αμμόχωστος
Σουρούλλα Μαρίνα,,ΔΑ,Αμμόχωστος
Αλεξάνδρου Αλέξανδρος,,ΔΗΠΑ,Αμμόχωστος
Βραχίμης Ανδρέας,,ΔΗΠΑ,Αμμόχωστος
Ζηντίλης Μιχάλης,,ΔΗΠΑ,Αμμόχωστος
Θεοδώρου Θεόδωρος,,ΔΗΠΑ,Αμμόχωστος
Ιωακείμ Ιωακείμ,,ΔΗΠΑ,Αμμόχωστος
Κίμωνος Νίκος,,ΔΗΠΑ,Αμμόχωστος
Κουμούρος Χαράλαμπος,,ΔΗΠΑ,Αμμόχωστος
Κουρτέλλας Ελισσαίος,,ΔΗΠΑ,Αμμόχωστος
Κωνσταντίνου Ντάνιελ,,ΔΗΠΑ,Αμμόχωστος
Σεργίου Σέργιος,,ΔΗΠΑ,Αμμόχωστος
Ττάκκα Ζαμπέλα,,ΔΗΠΑ,Αμμόχωστος
Αναστασίου Αντώνιος,,ΔΕΚ,Αμμόχωστος
Αντωνίου Μαρίνα,,ΔΕΚ,Αμμόχωστος
Κυριάκου Ρολάνδος,,ΔΕΚ,Αμμόχωστος
Παντελίδης Λουκάς,,ΔΕΚ,Αμμόχωστος
Παυλίδου Βερόνικα,,ΔΕΚ,Αμμόχωστος
Χαρή Δημήτρης,,ΔΕΚ,Αμμόχωστος
Ανδρέου Λένος,,ΔΗΚΟ,Αμμόχωστος
Γιακουμή Μιχάλης,,ΔΗΚΟ,Αμμόχωστος
Ευθυμίου Έλενα,,ΔΗΚΟ,Αμμόχωστος
Καραγιώργης Γιάννης,,ΔΗΚΟ,Αμμόχωστος
Κκονέ Έλενα,,ΔΗΚΟ,Αμμόχωστος
Κουλιάς Ζαχαρίας,,ΔΗΚΟ,Αμμόχωστος
Ματθαίου Μαρίνος,,ΔΗΚΟ,Αμμόχωστος
Πελαγία Σολία,,ΔΗΚΟ,Αμμόχωστος
Πιερή Αδαμαντία,,ΔΗΚΟ,Αμμόχωστος
Σενέκης Χρίστος,380561098479055,ΔΗΚΟ,Αμμόχωστος
Χαραλάμπους Βάσος,,ΔΗΚΟ,Αμμόχωστος
Γεωργίου Νίκος,,ΔΗΣΥ,Αμμόχωστος
Καϊμακλιώτη Μαργαρίτα,,ΔΗΣΥ,Αμμόχωστος
Κάρουλλας Γιώργος,,ΔΗΣΥ,Αμμόχωστος
Κούμη Δημήτρης,432885656573722,ΔΗΣΥ,Αμμόχωστος
Λιασίδης Παύλος,,ΔΗΣΥ,Αμμόχωστος
Λυσανδρίδης Γεώργιος,108214251033191,ΔΗΣΥ,Αμμόχωστος
Μαούρης Παναγιώτης,,ΔΗΣΥ,Αμμόχωστος
Μάρκου Πάρις,667191186485436,ΔΗΣΥ,Αμμόχωστος
Μιχαήλ Χρίστος,260731683798526,ΔΗΣΥ,Αμμόχωστος
Σιάμαρος Ανδρέας,,ΔΗΣΥ,Αμμόχωστος
Χατζηγεωργίου Γιώργος,,ΔΗΣΥ,Αμμόχωστος
Ανδρέου Γεώργιος,,ΕΔΕΚ,Αμμόχωστος
Γιόκκα Παντελίτσα,104323764989123,ΕΔΕΚ,Αμμόχωστος
Δημητρίου Στεκά Άντρη,,ΕΔΕΚ,Αμμόχωστος
Δρουσιώτη Ραφαέλλα,,ΕΔΕΚ,Αμμόχωστος
Ιακώβου Αλεξία,,ΕΔΕΚ,Αμμόχωστος
Κακκούρας Αντρέας,,ΕΔΕΚ,Αμμόχωστος
Μιχαήλ Μιχάλης,,ΕΔΕΚ,Αμμόχωστος
Πίκης Κωστάκης,,ΕΔΕΚ,Αμμόχωστος
Πιττάκαρας Ανδρέας,,ΕΔΕΚ,Αμμόχωστος
Χρίστου Χρύσανθος,,ΕΔΕΚ,Αμμόχωστος
Χριστοφή Πετράκης,,ΕΔΕΚ,Αμμόχωστος
Ανδρέου Απόστολος,,ΕΛΑΜ,Αμμόχωστος
Γαβριήλ Καλλισθένη,,ΕΛΑΜ,Αμμόχωστος
Καστάνου Ζαφείρω,,ΕΛΑΜ,Αμμόχωστος
Κορύτσα Μαρία,636019372933735,ΕΛΑΜ,Αμμόχωστος
Κούρτη Νεφέλη,,ΕΛΑΜ,Αμμόχωστος
Κωνσταντίνου Αλέξιος,,ΕΛΑΜ,Αμμόχωστος
Νικολάου Δημήτρης,,ΕΛΑΜ,Αμμόχωστος
Παπαγιάννης Λίνος,,ΕΛΑΜ,Αμμόχωστος
Σάββα Ιωάννης,121356334270316,ΕΛΑΜ,Αμμόχωστος
Φλουρέντζου Μάριος,436888849514319,ΕΛΑΜ,Αμμόχωστος
Χατζηγεωργίου Λίνος Ιωάννης,,ΕΛΑΜ,Αμμόχωστος
Αντωνίου Ανδρέας,,ΕΝΕΡΓΟΙ ΠΟΛΙΤΕΣ,Αμμόχωστος
Βραχίμη Ζήνων,,ΕΝΕΡΓΟΙ ΠΟΛΙΤΕΣ,Αμμόχωστος
Γεωργίου Γεώργιος,,ΕΝΕΡΓΟΙ ΠΟΛΙΤΕΣ,Αμμόχωστος
Καλλή Ζωή,,ΕΝΕΡΓΟΙ ΠΟΛΙΤΕΣ,Αμμόχωστος
Λίλη Αννίτα,,ΕΝΕΡΓΟΙ ΠΟΛΙΤΕΣ,Αμμόχωστος
Προδρόμου Νικόλαος,,ΕΝΕΡΓΟΙ ΠΟΛΙΤΕΣ,Αμμόχωστος
Σέργη Σέργης,,ΕΝΕΡΓΟΙ ΠΟΛΙΤΕΣ,Αμμόχωστος
Τραγκολάς Μάρκος,,ΕΝΕΡΓΟΙ ΠΟΛΙΤΕΣ,Αμμόχωστος
Χαμπή Μάριος,,ΕΝΕΡΓΟΙ ΠΟΛΙΤΕΣ,Αμμόχωστος
Χατζηαναστάσης Ανδρέας,,ΕΝΕΡΓΟΙ ΠΟΛΙΤΕΣ,Αμμόχωστος
Χριστοφή Αργύρης,,ΕΝΕΡΓΟΙ ΠΟΛΙΤΕΣ,Αμμόχωστος
Αποστόλου Απόστολος,,ΛΑΕ,Αμμόχωστος
Παπαγεωργίου Κωνσταντίνα,,ΛΑΚΕΔΑΙΜΟΝΙΟΙ,Αμμόχωστος
Βουτουρής Πέτρος,,ΟΙΚΟΛΟΓΟΙ,Αμμόχωστος
Ηλιάδης Γεώργιος,,ΟΙΚΟΛΟΓΟΙ,Αμμόχωστος
Κυριάκου Κυριάκος,,ΟΙΚΟΛΟΓΟΙ,Αμμόχωστος
Μιχαήλ Χρύσω,,ΟΙΚΟΛΟΓΟΙ,Αμμόχωστος
Παναγή Παρουσία,,ΟΙΚΟΛΟΓΟΙ,Αμμόχωστος
Παράσχου Μιχάλης,,ΟΙΚΟΛΟΓΟΙ,Αμμόχωστος
Πιτσιλλίδης Μιχαλάκης,,ΟΙΚΟΛΟΓΟΙ,Αμμόχωστος
Σάββα Χρύσω,,ΟΙΚΟΛΟΓΟΙ,Αμμόχωστος
Σταυρή Χατζηγιάννη Εύη,,ΟΙΚΟΛΟΓΟΙ,Αμμόχωστος
Χατζηγέρου Παντελάκης,,ΟΙΚΟΛΟΓΟΙ,Αμμόχωστος
Χρίστου Μυριάνα,,ΟΙΚΟΛΟΓΟΙ,Αμμόχωστος
Λοϊζου Μάριος,,ΠΡΑΣΙΝΟΙ,Αμμόχωστος
Βαρδάκη Ζήνα,,ΣΗΚΟΥ ΠΑΝΩ,Αμμόχωστος
Βουτηρού Σάββας,100936455330537,ΣΗΚΟΥ ΠΑΝΩ,Αμμόχωστος
Ιεροδιακόνου Γεωργάκης,,ΣΗΚΟΥ ΠΑΝΩ,Αμμόχωστος
Κυριακούδης Χριστάκης,,ΣΗΚΟΥ ΠΑΝΩ,Αμμόχωστος
Κωνσταντίνου Μάριος,,ΣΗΚΟΥ ΠΑΝΩ,Αμμόχωστος
Παναγιώτου Δέσπω,,ΣΗΚΟΥ ΠΑΝΩ,Αμμόχωστος
Παρασχού Αντώνης,819253351280771,ΣΗΚΟΥ ΠΑΝΩ,Αμμόχωστος
Πέτρου Άγγελος,422430021126521,ΣΗΚΟΥ ΠΑΝΩ,Αμμόχωστος
Προύσακοβα Μαρίνα,,ΑΓΡΟΝΟΜΟΣ,Λάρνακα
Χαραλάμπους Ανδρέας,,ΑΓΡΟΝΟΜΟΣ,Λάρνακα
Ξιούρουππα Πανίκκος,,ΑΚΕΛ,Λάρνακα
Πασιουρτίδης Ανδρέας,,ΑΚΕΛ,Λάρνακα
Στυλιανού Μάριος,,ΑΚΕΛ,Λάρνακα
Τζιωνή Ελένη,,ΑΚΕΛ,Λάρνακα
Χαραλάμπους Φωτεινή,,ΑΚΕΛ,Λάρνακα
Χριστοδούλου Πωλίνα,,ΑΚΕΛ,Λάρνακα
Ευαγγελίδης Παναγιώτης,,ΑΛΜΑ,Λάρνακα
Ζαρούνας Πέτρος,,ΑΛΜΑ,Λάρνακα
Λιπέρης Στέλιος,,ΑΛΜΑ,Λάρνακα
Λοΐζου Μαρία,,ΑΛΜΑ,Λάρνακα
Πελιβανίδη Μαρία,,ΑΛΜΑ,Λάρνακα
Πλύση Κωνσταντίνα,,ΑΛΜΑ,Λάρνακα
Δουκανάρης Φοίβος,,ΑΜΔΗ,Λάρνακα
Θρασυβούλου Βασίλειος,,ΑΜΔΗ,Λάρνακα
Κυριάκου Κυριάκος,,ΑΜΔΗ,Λάρνακα
Κωνσταντινίδου Νεκταρία,,ΑΜΔΗ,Λάρνακα
Πέτρου Γεωργία,,ΑΜΔΗ,Λάρνακα
Χριστοδούλου Στέφανος,,ΑΜΔΗ,Λάρνακα
Γεωργιάδου Μαργαρίτα,,ΒΟΛΤ,Λάρνακα
Θεοφάνους Γεώργιος,,ΒΟΛΤ,Λάρνακα
Καλοπαίδης Μιχάλης,623014994234800,ΒΟΛΤ,Λάρνακα
Λισένγκο Άννα,,ΒΟΛΤ,Λάρνακα
Παπαγεωργίου Αντώνης,,ΒΟΛΤ,Λάρνακα
Χριστοφόρου Αλέξανδρος,,ΒΟΛΤ,Λάρνακα
Καραβιάς Χρίστος,,ΔΗΠΑ,Λάρνακα
Κούμας Γιώργος,,ΔΗΠΑ,Λάρνακα
Κούννας Αλέξης,,ΔΗΠΑ,Λάρνακα
Ξενιτίδου Δέσποινα,,ΔΗΠΑ,Λάρνακα
Παπαδοπούλου Δέσποινα,995851226936941,ΔΗΠΑ,Λάρνακα
Πίπονας Κωστάκης,,ΔΗΠΑ,Λάρνακα
Γεωργίου Όμηρος,,ΔΕΚ,Λάρνακα
Ιωακείμ Γεώργιος,,ΔΕΚ,Λάρνακα
Μιχαήλ Ελένη,,ΔΕΚ,Λάρνακα
Αποστόλου Ανδρέας,502944236549149,ΔΗΚΟ,Λάρνακα
Δημητρίου Δημήτρης,,ΔΗΚΟ,Λάρνακα
Διομήδους Νικόλας,,ΔΗΚΟ,Λάρνακα
Λύτρας Κώστας,,ΔΗΚΟ,Λάρνακα
Πουτζιούρης Ζαχαρίας,,ΔΗΚΟ,Λάρνακα
Σταυρινοπούλου Γεωργία,,ΔΗΚΟ,Λάρνακα
Δημητρίου Αννίτα,,ΔΗΣΥ,Λάρνακα
Αλαμπρίτης Πρόδρομος,104837798005091,ΔΗΣΥ,Λάρνακα
Βωνιάτη Στάλω,,ΔΗΣΥ,Λάρνακα
Ευαγγέλου Αργυρός,595915680800838,ΔΗΣΥ,Λάρνακα
Θεολόγου Μανωλή Άνδρεα,701945103013194,ΔΗΣΥ,Λάρνακα
Φράγκος Ευριπίδης,,ΔΗΣΥ,Λάρνακα
Αντωνή Αντώνης,,ΕΔΕΚ,Λάρνακα
Βασιλείου Χρίστος,,ΕΔΕΚ,Λάρνακα
Κοραή Στυλιανός,,ΕΔΕΚ,Λάρνακα
Λευκαρίτης Σάββας,,ΕΔΕΚ,Λάρνακα
Μαλαχουρίδης Αχιλλέας,,ΕΔΕΚ,Λάρνακα
Χαραλάμπους Χαράλαμπος,,ΕΔΕΚ,Λάρνακα
Αλαμάνγκος Βαλεντίνος,,ΕΛΑΜ,Λάρνακα
Ιωάννου Σωτήρης,462441306953646,ΕΛΑΜ,Λάρνακα
Καδής Αντρέας,,ΕΛΑΜ,Λάρνακα
Μιχαηλίδης Ζήνωνας,,ΕΛΑΜ,Λάρνακα
Πασιουρτίδης Στέλιος,,ΕΛΑΜ,Λάρνακα
Χριστοδούλου Άντρη,,ΕΛΑΜ,Λάρνακα
Ηρακλέους Ηράκλεια,,ΕΝΕΡΓΟΙ ΠΟΛΙΤΕΣ,Λάρνακα
Θεοφάνους Παρασκευάς,,ΕΝΕΡΓΟΙ ΠΟΛΙΤΕΣ,Λάρνακα
Καραγιάννης Χρίστος,,ΕΝΕΡΓΟΙ ΠΟΛΙΤΕΣ,Λάρνακα
Κασιούρη Κυριάκος,,ΕΝΕΡΓΟΙ ΠΟΛΙΤΕΣ,Λάρνακα
Ναθαναήλ Ανδρούλλα,,ΕΝΕΡΓΟΙ ΠΟΛΙΤΕΣ,Λάρνακα
Παττιχής Αντώνης,,ΕΝΕΡΓΟΙ ΠΟΛΙΤΕΣ,Λάρνακα
Χατζηχριστοφόρου Αλεξάνδρα,,ΛΑΚΕΔΑΙΜΟΝΙΟΙ,Λάρνακα
Βιολάρη Κατερίνα,,ΟΙΚΟΛΟΓΟΙ,Λάρνακα
Ευαγγέλου Ιωάννης,,ΟΙΚΟΛΟΓΟΙ,Λάρνακα
Ηρακλέους Χαράλαμπος,,ΟΙΚΟΛΟΓΟΙ,Λάρνακα
Ιωσηφίδης Χρίστος,,ΟΙΚΟΛΟΓΟΙ,Λάρνακα
Νικολάου Πατατά Αλεξία,,ΟΙΚΟΛΟΓΟΙ,Λάρνακα
Παράσχου Λοΐζα,,ΟΙΚΟΛΟΓΟΙ,Λάρνακα
Σπύρου Λοΐζος,,ΠΡΑΣΙΝΟΙ,Λάρνακα
Αντωνίου Μάριος,,ΣΗΚΟΥ ΠΑΝΩ,Λάρνακα
Χομένκο Άννα,,ΣΗΚΟΥ ΠΑΝΩ,Λάρνακα
Χρίστου Σωτήρης,,ΣΗΚΟΥ ΠΑΝΩ,Λάρνακα
Μιχαήλ Ανδρέας,,ΑΓΡΟΝΟΜΟΣ,Πάφος
Μιχαηλίδου Ναταλία,,ΑΓΡΟΝΟΜΟΣ,Πάφος
Θεοφάνους Μαριέλλα,,ΑΚΕΛ,Πάφος
Νικολάου Αντρέας,756115551158238,ΑΚΕΛ,Πάφος
Σαββίδης Νίκος,,ΑΚΕΛ,Πάφος
Σκούρου Γιώργος,,ΑΚΕΛ,Πάφος
Φακοντής Βαλεντίνος,,ΑΚΕΛ,Πάφος
Δημητρίου Γαβριήλ,,ΑΛΜΑ,Πάφος
Καλαϊτσιδου Ελλάδα,,ΑΛΜΑ,Πάφος
Κωμοδρόμος Χρίστος,1026160267255690,ΑΛΜΑ,Πάφος
Νεοφύτου Μάριος,781256998671742,ΑΛΜΑ,Πάφος
Χαραλάμπους Πολύβιος,,ΑΛΜΑ,Πάφος
Έλληνας Σάββας,,ΑΜΔΗ,Πάφος
Μπάρος Δημήτρης,,ΑΜΔΗ,Πάφος
Πάλιος Νίκος,97122001685,ΑΜΔΗ,Πάφος
Σιαηλής Ανδρέας,,ΑΜΔΗ,Πάφος
Στόκκος Φειδίας,,ΑΜΔΗ,Πάφος
Αγρότης Γιάννης,,ΒΟΛΤ,Πάφος
Δίας Πέτρος,,ΒΟΛΤ,Πάφος
Ησαΐας Ευαγόρας,,ΒΟΛΤ,Πάφος
Παύλου Δέσπω,,ΒΟΛΤ,Πάφος
Στυλιανίδου Άννα,,ΒΟΛΤ,Πάφος
Αμβροσιάδης Ευκλείδης,,ΔΗΠΑ,Πάφος
Ανδρέου Κεσούρης Ανδρέας,,ΔΗΠΑ,Πάφος
Μαυράκη Κυριακή,,ΔΗΠΑ,Πάφος
Χαριλάου Χαρούλα,,ΔΗΠΑ,Πάφος
Χρυσάνθου Θάνος,,ΔΗΠΑ,Πάφος
Γεωργίου Νατάλη,,ΔΕΚ,Πάφος
Κυριακού Κυριακή,,ΔΕΚ,Πάφος
Χαραλαμπίδης Μάριος,,ΔΕΚ,Πάφος
Ιωάννου Νατάσα,,ΔΗΚΟ,Πάφος
Κωνσταντινίδου Αντρή,,ΔΗΚΟ,Πάφος
Σαββίδης Χρύσανθος,556192687867978,ΔΗΚΟ,Πάφος
Σίμου Κυριάκος,1009195338945652,ΔΗΚΟ,Πάφος
Σκορδής Πανίκος,,ΔΗΚΟ,Πάφος
Γεωργίου Γεώργιος,,ΔΗΣΥ,Πάφος
Καρσεράς Κωνσταντίνος,,ΔΗΣΥ,Πάφος
Κουππάρης Σωτήρης,951257378073843,ΔΗΣΥ,Πάφος
Κωνσταντίνου Νικολέττα,,ΔΗΣΥ,Πάφος
Παζάρος Χαράλαμπος,,ΔΗΣΥ,Πάφος
Δημητρίου Βάσος,,ΕΔΕΚ,Πάφος
Θεοδώρου Βάσος,,ΕΔΕΚ,Πάφος
Καραγιάννης Παναγιώτης,,ΕΔΕΚ,Πάφος
Στεφάνου Μελίνα,,ΕΔΕΚ,Πάφος
Στυλιανάκης Πέτρος,968214563042037,ΕΔΕΚ,Πάφος
Γρηγορίου Χαράλαμπος,,ΕΛΑΜ,Πάφος
Θεοχάρους Γιώργος,,ΕΛΑΜ,Πάφος
Μιχαήλ Μιχάλης,,ΕΛΑΜ,Πάφος
Παπαδημήτρης Δημήτρης,866297829898936,ΕΛΑΜ,Πάφος
Αβραάμ Ευάγγελος,,ΕΝΕΡΓΟΙ ΠΟΛΙΤΕΣ,Πάφος
Θεοδώρου Στυλιανός,,ΕΝΕΡΓΟΙ ΠΟΛΙΤΕΣ,Πάφος
Μοσκόβου Αιμίλιος,,ΕΝΕΡΓΟΙ ΠΟΛΙΤΕΣ,Πάφος
Ρούσου Ρόσκος Στέφανος,,ΕΝΕΡΓΟΙ ΠΟΛΙΤΕΣ,Πάφος
Στυλιανού Στέλιος,966765343181208,ΕΝΕΡΓΟΙ ΠΟΛΙΤΕΣ,Πάφος
Καουσλιάδης Αλέξης,,ΛΑΚΕΔΑΙΜΟΝΙΟΙ,Πάφος
Ανδρέου Ταμενού Ειρήνη,,ΟΙΚΟΛΟΓΟΙ,Πάφος
Ευλαβής Ανδρέας,,ΟΙΚΟΛΟΓΟΙ,Πάφος
Μιχαηλίδης Ανδρέας,,ΟΙΚΟΛΟΓΟΙ,Πάφος
Σταυρινίδης Φάνης,,ΟΙΚΟΛΟΓΟΙ,Πάφος
Χουσσέιν Μπισσάρα,,ΟΙΚΟΛΟΓΟΙ,Πάφος
Θεοδώρου Θεογνωσία,,ΠΡΑΣΙΝΟΙ,Πάφος
Γιαννάκου Ιωάννα,,ΣΗΚΟΥ ΠΑΝΩ,Πάφος
Ζαννούπας Σάββας,,ΣΗΚΟΥ ΠΑΝΩ,Πάφος
Ξινάρης Στέφανος,,ΣΗΚΟΥ ΠΑΝΩ,Πάφος
Παρασκευαϊδης Ιάκωβος,,ΣΗΚΟΥ ΠΑΝΩ,Πάφος
Χρυσάνθου Χαράλαμπος,,ΑΓΡΟΝΟΜΟΣ,Κερύνεια
Κωνσταντίνου Κωστάκης,,ΑΚΕΛ,Κερύνεια
Λούκα Αβραάμ,149837181555826,ΑΚΕΛ,Κερύνεια
Χάσικου Αναστασία,,ΑΚΕΛ,Κερύνεια
Νεοκλέους Γρηγόριος,,ΑΛΜΑ,Κερύνεια
Παπαραδαμάνθους Κατερίνα,,ΑΛΜΑ,Κερύνεια
Χριστοδούλου Νίκη,,ΑΛΜΑ,Κερύνεια
Κυπριανού Κωνσταντίνος,,ΑΜΔΗ,Κερύνεια
Κωμοδρόμος Κυριάκος,,ΑΜΔΗ,Κερύνεια
Μαυρομμάτη Νίκος,,ΑΜΔΗ,Κερύνεια
Ιωάννου Νατάσα,,ΒΟΛΤ,Κερύνεια
Μακφέρσον Ποτουδή Βασιλική,,ΒΟΛΤ,Κερύνεια
Μαυρομμάτη Σπυρούλα,,ΒΟΛΤ,Κερύνεια
Πέτρου Σάββας,,ΔΑ,Κερύνεια
Σκορδής Μιχάλης,,ΔΗΠΑ,Κερύνεια
Σολωμού Πωλίνα,,ΔΗΠΑ,Κερύνεια
Χατζηχριστοδούλου Χρίστος,,ΔΗΠΑ,Κερύνεια
Αντωνίου Μάριος,,ΔΕΚ,Κερύνεια
Χριστοφή Μιλέρτ Ελένη,,ΔΕΚ,Κερύνεια
Άσπρης Άδαμος,,ΔΗΚΟ,Κερύνεια
Μηνά Δημήτριος,,ΔΗΚΟ,Κερύνεια
Νικηταράς Ανδρέας,,ΔΗΚΟ,Κερύνεια
Γεωργιάδης Δήμος,,ΔΗΣΥ,Κερύνεια
Κουμέττου Βασίλης,813950578476013,ΔΗΣΥ,Κερύνεια
Σούπερμαν Ρίτα,,ΔΗΣΥ,Κερύνεια
Κύρου Μάριος,,ΕΔΕΚ,Κερύνεια
Λεωνίδου Μάριος,,ΕΔΕΚ,Κερύνεια
Πάρπας Πανίκκος,,ΕΔΕΚ,Κερύνεια
Βασιλείου Πολυξένη,,ΕΛΑΜ,Κερύνεια
Δρουσιώτης Κυριάκος,,ΕΛΑΜ,Κερύνεια
Τοούλας Γεώργιος,,ΕΛΑΜ,Κερύνεια
Αυγουστή Λούκας,,ΕΝΕΡΓΟΙ ΠΟΛΙΤΕΣ,Κερύνεια
Γιάσεμη Αντωνάκης,,ΕΝΕΡΓΟΙ ΠΟΛΙΤΕΣ,Κερύνεια
Σταύρου Σταύρος,,ΕΝΕΡΓΟΙ ΠΟΛΙΤΕΣ,Κερύνεια
Φοίβου Ιάκωβος,,ΛΑΚΕΔΑΙΜΟΝΙΟΙ,Κερύνεια
Ευαγγέλου Γρηγόριος,,ΟΙΚΟΛΟΓΟΙ,Κερύνεια
Φουρούκλα Στάλω,,ΟΙΚΟΛΟΓΟΙ,Κερύνεια
Χριστοδουλίδης Ντίνος,,ΟΙΚΟΛΟΓΟΙ,Κερύνεια
Τταμπατάς Χρυσοβαλάντης,,ΠΡΑΣΙΝΟΙ,Κερύνεια
Ιωσήφ Πωλίνα,,ΣΗΚΟΥ ΠΑΝΩ,Κερύνεια
Μιχαηλίδης Γιώργος,,ΣΗΚΟΥ ΠΑΝΩ,Κερύνεια
Παγκύπρια Εργατική Ομοσπονδία ΠΕΟ - Pancyprian Federation of Labour PEO,548288891914230,,
Μαυρίδης Κώστας,197874087030899,ΔΗΚΟ,
